Date,Open,High,Low,Close,Volume,Dividends,Stock Splits,Moving_Average
2023-01-03 00:00:00-05:00,128.92424454671203,129.53778770648333,122.87782744316272,123.76846313476562,112117500,0.0,0.0,
2023-01-04 00:00:00-05:00,125.56951966733021,127.32110440506466,123.77835783326215,125.04503631591797,89113600,0.0,0.0,
2023-01-05 00:00:00-05:00,125.80701406050522,126.44035327195598,123.4616823884138,123.7189712524414,80962700,0.0,0.0,
2023-01-06 00:00:00-05:00,124.69869219835303,128.93414406697812,123.59034464347916,128.2711181640625,87754700,0.0,0.0,
2023-01-09 00:00:00-05:00,129.11225514638548,132.02166222689684,128.53828914886986,128.7955780029297,70790800,0.0,0.0,125.91983337402344
2023-01-10 00:00:00-05:00,128.90441205652976,129.89400531226852,126.78668309324867,129.36952209472656,63896200,0.0,0.0,127.04004516601563
2023-01-11 00:00:00-05:00,129.8841504007418,132.12062633545213,129.1023781585197,132.10084533691406,69458900,0.0,0.0,128.45120697021486
2023-01-12 00:00:00-05:00,132.48680824102038,132.8628435757639,130.07219721792418,132.02169799804688,71379600,0.0,0.0,130.11175231933595
2023-01-13 00:00:00-05:00,130.65603409850235,133.51595882992456,130.28988932008468,133.3576202392578,57809700,0.0,0.0,131.129052734375
2023-01-17 00:00:00-05:00,133.42688030875863,135.86127162359787,132.7341679468124,134.52532958984375,63646600,0.0,0.0,132.2750030517578
2023-01-18 00:00:00-05:00,135.39617874680306,137.16754432165283,133.62479807195606,133.8029327392578,69672800,0.0,0.0,133.16168518066405
2023-01-19 00:00:00-05:00,132.68470123913258,134.8321173698302,132.37792966331844,133.86231994628906,58280400,0.0,0.0,133.51398010253905
2023-01-20 00:00:00-05:00,133.8721983331851,136.583689774084,132.8232317107928,136.43524169921875,80223600,0.0,0.0,134.39668884277344
2023-01-23 00:00:00-05:00,136.68268037315934,141.8285798197032,136.46496854580548,139.64157104492188,81760300,0.0,0.0,135.65347900390626
2023-01-24 00:00:00-05:00,138.84988430946348,141.67023228637194,138.8399938088431,141.04678344726562,66435100,0.0,0.0,136.95776977539063
2023-01-25 00:00:00-05:00,139.4238514776049,140.94781908447868,137.36549483325516,140.38375854492188,65799300,0.0,0.0,138.27393493652343
2023-01-26 00:00:00-05:00,141.6800962423563,142.748859009156,140.42330829899026,142.46188354492188,54105100,0.0,0.0,139.99384765625
2023-01-27 00:00:00-05:00,141.6702137400347,145.69785156540507,141.59104444543297,144.411376953125,70555800,0.0,0.0,141.58907470703124
2023-01-30 00:00:00-05:00,143.45148125337437,144.03533779783174,141.36343835201114,141.51187133789062,64015300,0.0,0.0,141.963134765625
2023-01-31 00:00:00-05:00,141.21495669580196,142.83788905559973,140.79932933414588,142.7884063720703,65874500,0.0,0.0,142.31145935058595
2023-02-01 00:00:00-05:00,142.4717972041809,145.08432380327815,139.84938010470844,143.91659545898438,77663600,0.0,0.0,143.01802673339844
2023-02-02 00:00:00-05:00,147.35047067319957,149.60674271507267,146.62807162382762,149.25050354003906,118339000,0.0,0.0,144.37575073242186
2023-02-03 00:00:00-05:00,146.4895254643634,155.74223078414798,146.29160978319123,152.89219665527344,154357300,0.0,0.0,146.07191467285156
2023-02-06 00:00:00-05:00,150.98228624419954,151.50676958668788,149.2109054384384,150.15101623535156,69858300,0.0,0.0,147.79974365234375
2023-02-07 00:00:00-05:00,149.072369515728,153.61460021760152,149.072369515728,153.04063415527344,83322600,0.0,0.0,149.85018920898438
2023-02-08 00:00:00-05:00,152.27864483917466,152.97135723381655,149.59683994706387,150.3390350341797,64120100,0.0,0.0,151.13467712402343
2023-02-09 00:00:00-05:00,152.17967780621382,152.72395721753742,148.85464324794316,149.29995727539062,56007100,0.0,0.0,151.14456787109376
2023-02-10 00:00:00-05:00,148.1304871155474,149.99375331566142,147.89261658821053,149.66668701171875,57450700,0.23,0.0,150.4994659423828
2023-02-13 00:00:00-05:00,149.6072179924685,152.88777139634084,149.5774860679603,152.48143005371094,62199000,0.0,0.0,150.96554870605468
2023-02-14 00:00:00-05:00,150.7668093216158,152.402140794644,149.5180231156205,151.8372039794922,61707600,0.0,0.0,150.72486267089843
2023-02-15 00:00:00-05:00,151.74801937795763,154.11675866505783,151.52006956422687,153.94827270507812,65573800,0.0,0.0,151.44671020507812
2023-02-16 00:00:00-05:00,152.14443364408874,154.93935535973205,151.985868430853,152.34266662597656,68167900,0.0,0.0,152.0552520751953
2023-02-17 00:00:00-05:00,150.99476005163993,151.63897185671203,149.50810346480944,151.19297790527344,59144100,0.0,0.0,152.36051025390626
2023-02-21 00:00:00-05:00,148.8638959311259,149.95411695272674,147.08982549385345,147.15919494628906,58867200,0.0,0.0,151.2960632324219
2023-02-22 00:00:00-05:00,147.54572027637772,148.61611493809133,145.8509400709552,147.5853729248047,51011300,0.0,0.0,150.44569702148436
2023-02-23 00:00:00-05:00,148.75487896664254,149.00265510528632,145.93024005993672,148.07101440429688,48394200,0.0,0.0,149.27024536132814
2023-02-24 00:00:00-05:00,145.8013887677593,145.88067894533623,144.4237540688521,145.4049530029297,55469600,0.0,0.0,147.88270263671876
2023-02-27 00:00:00-05:00,146.39604828262136,147.84305234351663,146.13835144102467,146.6041717529297,44998500,0.0,0.0,146.96494140625
2023-02-28 00:00:00-05:00,145.74191090318052,147.7538517062128,145.5238667165713,146.0987091064453,50547000,0.0,0.0,146.75284423828126
2023-03-01 00:00:00-05:00,145.52386270219765,145.92029841797654,143.72004541238144,144.0173797607422,55479000,0.0,0.0,146.03924560546875
2023-03-02 00:00:00-05:00,143.09567187882521,145.40494716777042,142.61993083245534,144.612060546875,52238100,0.0,0.0,145.3474548339844
2023-03-03 00:00:00-05:00,146.72308538697828,149.76578308488604,146.01940974788184,149.68649291992188,70732300,0.0,0.0,146.20376281738282
2023-03-06 00:00:00-05:00,152.42195623733048,154.9096382410585,152.09490505667793,152.46160888671875,87558000,0.0,0.0,147.37525024414063
2023-03-07 00:00:00-05:00,152.33274450947457,152.6598107789335,149.78561404449275,150.25143432617188,56182000,0.0,0.0,148.20579528808594
2023-03-08 00:00:00-05:00,151.4506527360597,152.10478523414005,150.47937471115543,151.51011657714844,47204800,0.0,0.0,149.7043426513672
2023-03-09 00:00:00-05:00,152.1939933444496,153.16527144816123,148.89361378877035,149.2504119873047,53833600,0.0,0.0,150.63201293945312
2023-03-10 00:00:00-05:00,148.87379600332346,149.59729796835543,146.2969185586702,147.1790008544922,68572400,0.0,0.0,150.1305145263672
2023-03-13 00:00:00-04:00,146.49515855764437,151.77774753166398,146.38613645412596,149.13150024414062,84457100,0.0,0.0,149.46449279785156
2023-03-14 00:00:00-04:00,149.9342758651321,152.03541240200406,148.76477990534212,151.2326202392578,73695900,0.0,0.0,149.66072998046874
2023-03-15 00:00:00-04:00,149.84508307563596,151.8867558074207,148.5863761992532,151.6290740966797,77167900,0.0,0.0,149.684521484375
2023-03-16 00:00:00-04:00,150.80646037730506,155.06821263966182,150.29108181642482,154.46363830566406,76161100,0.0,0.0,150.72716674804687
2023-03-17 00:00:00-04:00,154.69157989251337,155.34571244010942,152.90758890954837,153.62118530273438,98944600,0.0,0.0,152.0156036376953
2023-03-20 00:00:00-04:00,153.69055709316683,156.41609402515743,152.77872779308782,155.99981689453125,73641400,0.0,0.0,153.38926696777344
2023-03-21 00:00:00-04:00,155.9205571770909,157.98204109629864,155.14748180357108,157.8631134033203,73938300,0.0,0.0,154.71536560058593
2023-03-22 00:00:00-04:00,157.88295021864405,160.6976833752444,156.40619906612653,156.426025390625,75701800,0.0,0.0,155.674755859375
2023-03-23 00:00:00-04:00,157.41711872342182,160.11292398786247,156.2773395529773,157.51622009277344,67622100,0.0,0.0,156.28527221679687
2023-03-24 00:00:00-04:00,157.44684365525544,158.9136739147859,156.44583366784832,158.82447814941406,59196500,0.0,0.0,157.3259307861328
2023-03-27 00:00:00-04:00,158.51724627438185,159.3398647729009,156.46565282812585,156.87200927734375,52390300,0.0,0.0,157.5003692626953
2023-03-28 00:00:00-04:00,156.56476504075383,157.0801435690118,154.59246181824673,156.2476043701172,45992200,0.0,0.0,157.1772674560547
2023-03-29 00:00:00-04:00,157.95231889750627,159.6173823169816,157.9325076961592,159.33987426757812,51305700,0.0,0.0,157.76003723144532
2023-03-30 00:00:00-04:00,160.09310716599592,161.02474780690227,159.83542544272464,160.9157257080078,49501700,0.0,0.0,158.4399383544922
2023-03-31 00:00:00-04:00,160.99501220511618,163.53223722356282,160.46972804690907,163.43312072753906,68749800,0.0,0.0,159.36166687011718
2023-04-03 00:00:00-04:00,162.80874098907415,164.81076119711048,162.759182739299,164.69183349609375,56976200,0.0,0.0,160.92563171386718
2023-04-04 00:00:00-04:00,165.11801932417455,165.35587473056947,163.64126814290196,164.15664672851562,46278300,0.0,0.0,162.50744018554687
2023-04-05 00:00:00-04:00,163.27454638683875,163.5817863350766,160.36069699391322,162.30325317382812,51511700,0.0,0.0,163.10011596679686
2023-04-06 00:00:00-04:00,160.98507780038798,163.49258580459212,160.55891017442244,163.19525146484375,45390100,0.0,0.0,163.55602111816407
2023-04-10 00:00:00-04:00,159.98407924224205,160.58865356445312,158.65600290264854,160.58865356445312,47716900,0.0,0.0,162.98712768554688
2023-04-11 00:00:00-04:00,160.90582871476735,160.91573431590425,159.08218486088444,159.36961364746094,47644200,0.0,0.0,161.9226837158203
2023-04-12 00:00:00-04:00,159.78587452625487,160.61839870707885,158.35868157452518,158.67584228515625,50133100,0.0,0.0,160.82652282714844
2023-04-13 00:00:00-04:00,160.1922314364538,164.32513554824666,159.98409282917345,164.08726501464844,68445600,0.0,0.0,161.1833251953125
2023-04-14 00:00:00-04:00,163.12589186720774,164.8405136022097,162.362752263478,163.74038696289062,49386500,0.0,0.0,161.29235229492187
2023-04-17 00:00:00-04:00,163.62142359967223,163.91875794761413,162.57085534359018,163.7601776123047,41516200,0.0,0.0,161.9266571044922
2023-04-18 00:00:00-04:00,164.6224624365103,165.9208069034402,164.17645331594588,164.98916625976562,49923000,0.0,0.0,163.05056762695312
2023-04-19 00:00:00-04:00,164.32511680785814,166.6641238574634,164.06741997841854,166.1388397216797,47720200,0.0,0.0,164.5431671142578
2023-04-20 00:00:00-04:00,164.61252546197005,166.37669007657564,164.08724134206236,165.16754150390625,52456400,0.0,0.0,164.75922241210938
2023-04-21 00:00:00-04:00,163.581779650813,164.9693197226261,163.02676362208774,163.5520477294922,58337300,0.0,0.0,164.7215545654297
2023-04-24 00:00:00-04:00,163.5322324264354,164.12690113902568,162.43210589428088,163.8592987060547,41949600,0.0,0.0,164.7413787841797
2023-04-25 00:00:00-04:00,163.72053781617427,164.83056990181737,162.27351874191552,162.31317138671875,48714100,0.0,0.0,164.2061798095703
2023-04-26 00:00:00-04:00,161.6094831095728,163.8097361155348,161.3518014065789,162.30325317382812,45498800,0.0,0.0,163.4390625
2023-04-27 00:00:00-04:00,163.7205383718447,167.0605553628374,163.7205383718447,166.91189575195312,64902300,0.0,0.0,163.78793334960938
2023-04-28 00:00:00-04:00,166.99119168750394,168.3390943239458,166.3866173772678,168.17059326171875,55209200,0.0,0.0,164.71164245605468
2023-05-01 00:00:00-04:00,167.77415043871505,168.9337407637692,167.13984423211144,168.08139038085938,52472900,0.0,0.0,165.55606079101562
2023-05-02 00:00:00-04:00,168.57697132129934,168.8346681861752,166.04965166358446,167.04075622558594,48425700,0.0,0.0,166.50157775878907
2023-05-03 00:00:00-04:00,167.99220106828838,169.39956754565748,165.67302032909086,165.96043395996094,65136000,0.0,0.0,167.23301391601564
2023-05-04 00:00:00-04:00,163.42322802207295,165.55409674723404,162.848385570496,164.31521606445312,81235400,0.0,0.0,166.71367797851562
2023-05-05 00:00:00-04:00,169.45905910432936,172.749533612693,169.2410148839893,172.02603149414062,113316400,0.0,0.0,167.484765625
2023-05-08 00:00:00-04:00,170.94568850577377,172.30351186374347,170.57898470464832,171.9566192626953,55962800,0.0,0.0,168.2598114013672
2023-05-09 00:00:00-04:00,171.51064754209378,171.99627909889776,170.07354895127378,170.24203491210938,45326900,0.0,0.0,168.9000671386719
2023-05-10 00:00:00-04:00,171.48089302464294,172.48190305646256,170.3708457773496,172.01608276367188,53724500,0.0,0.0,170.11119689941407
2023-05-11 00:00:00-04:00,172.30350796985275,173.03691555552936,170.63844469472525,172.2043914794922,49514700,0.0,0.0,171.68903198242188
2023-05-12 00:00:00-04:00,172.31357141356355,172.7502630057861,169.71329075220336,171.271484375,45497800,0.24,0.0,171.53812255859376
2023-05-15 00:00:00-04:00,171.8570325169115,171.9066593124194,170.1797467789581,170.77523803710938,37266700,0.0,0.0,171.30184631347657
2023-05-16 00:00:00-04:00,170.69583819309108,171.83717876991398,170.50726545654413,170.77523803710938,42110300,0.0,0.0,171.40848693847656
2023-05-17 00:00:00-04:00,170.41794239989213,171.62874834746046,169.13764076744155,171.39056396484375,57951600,0.0,0.0,171.28338317871095
2023-05-18 00:00:00-04:00,171.6982259620468,173.92137607373184,171.28138815560044,173.73280334472656,65496700,0.0,0.0,171.5890655517578
2023-05-19 00:00:00-04:00,175.06273574474233,175.06273574474233,173.62364943906087,173.8419952392578,55772400,0.0,0.0,172.10316772460936
2023-05-22 00:00:00-04:00,172.67084490080313,173.3953627585547,172.14483421414405,172.88919067382812,43570900,0.0,0.0,172.5259582519531
2023-05-23 00:00:00-04:00,171.8272670994411,172.07538594402806,169.99118159190851,170.26907348632812,50747300,0.0,0.0,172.4247253417969
2023-05-24 00:00:00-04:00,169.80262520604998,171.12261940369976,169.2369220607566,170.54698181152344,45143500,0.0,0.0,172.25600891113282
2023-05-25 00:00:00-04:00,171.11268642842802,172.5914650743336,170.39810293275275,171.68832397460938,56058300,0.0,0.0,171.84711303710938
2023-05-26 00:00:00-04:00,172.0158462459514,174.4474079846001,171.80741974539387,174.10995483398438,54835000,0.0,0.0,171.90070495605468
2023-05-30 00:00:00-04:00,175.62844336557998,177.64316710040904,175.24137858755796,175.96588134765625,55964400,0.0,0.0,172.51604309082032
2023-05-31 00:00:00-04:00,175.99565961269718,178.00046410534546,175.4299413812976,175.916259765625,99625300,0.0,0.0,173.64548034667968
2023-06-01 00:00:00-04:00,176.3628631071657,178.76465158842046,175.59865286277548,178.73487854003906,68901800,0.0,0.0,175.2830596923828
2023-06-02 00:00:00-04:00,179.6678092681631,180.41216577183522,177.91112367918484,179.58840942382812,61945900,0.0,0.0,176.86307678222656
2023-06-05 00:00:00-04:00,181.2557821635985,183.55831715341373,176.70030869345317,178.22872924804688,121946500,0.0,0.0,177.68683166503905
2023-06-06 00:00:00-04:00,178.61578703231345,178.76465227479207,176.09489120388227,177.86151123046875,64848400,0.0,0.0,178.06595764160156
2023-06-07 00:00:00-04:00,177.09730925974853,179.84647030311896,175.9857416800345,176.4819793701172,61944600,0.0,0.0,178.1791015625
2023-06-08 00:00:00-04:00,176.56135080082998,179.47923062220013,176.12467438732125,179.21127319335938,50214900,0.0,0.0,178.27438049316407
2023-06-09 00:00:00-04:00,180.1342576075761,180.8587602986888,179.27080898742852,179.59832763671875,48870700,0.0,0.0,178.2763641357422
2023-06-12 00:00:00-04:00,179.90601640267764,182.50629705263665,179.60827075983389,182.40704345703125,54274900,0.0,0.0,179.11202697753907
2023-06-13 00:00:00-04:00,181.42449184145724,182.7643244394129,181.06720011987474,181.93064880371094,54929100,0.0,0.0,179.9258544921875
2023-06-14 00:00:00-04:00,181.9902193523692,183.00254855686575,180.65038657439226,182.56585693359375,57462900,0.0,0.0,181.14263000488282
2023-06-15 00:00:00-04:00,182.57577393042644,185.1165084295681,182.39712049072034,184.61033630371094,65433200,0.0,0.0,182.22244262695312
2023-06-16 00:00:00-04:00,185.32491183758503,185.58296511233405,182.88343103661734,183.52853393554688,101235600,0.0,0.0,183.00848388671875
2023-06-20 00:00:00-04:00,183.02236755433236,184.69965317797735,183.02236755433236,183.6178436279297,49799100,0.0,0.0,183.25064392089843
2023-06-21 00:00:00-04:00,183.50868927037342,184.014861399602,181.21607359601802,182.57577514648438,49515700,0.0,0.0,183.37966918945312
2023-06-22 00:00:00-04:00,182.35741623768828,185.64250704259015,182.28793569790065,185.59288024902344,51245300,0.0,0.0,183.98507385253907
2023-06-23 00:00:00-04:00,184.15381217622152,186.14868226406438,183.61786698344585,185.27529907226562,53079300,0.0,0.0,184.11806640625
2023-06-26 00:00:00-04:00,185.42415928991971,186.6349803489813,183.83619277653602,183.8759002685547,48088700,0.0,0.0,184.18753967285156
2023-06-27 00:00:00-04:00,184.491243018021,186.9724314039452,184.2728972285419,186.64491271972656,50730800,0.0,0.0,184.79295349121094
2023-06-28 00:00:00-04:00,186.5158835329519,188.47106116590345,186.18837999717346,187.82595825195312,51216800,0.0,0.0,185.84299011230468
2023-06-29 00:00:00-04:00,187.6572341550609,188.63979016757608,187.51828821688443,188.16339111328125,46347300,0.0,0.0,186.35709228515626
2023-06-30 00:00:00-04:00,190.18806349655458,193.01660926668555,189.82083730500045,192.5104522705078,85069600,0.0,0.0,187.8041229248047
2023-07-03 00:00:00-04:00,192.32185451119005,192.4211080946957,190.3170502473471,191.0117950439453,31458200,0.0,0.0,189.2313018798828
2023-07-05 00:00:00-04:00,190.12848881584435,191.52786739350162,189.18562522356103,189.89028930664062,46920300,0.0,0.0,189.88037719726563
2023-07-06 00:00:00-04:00,188.41152151886186,190.57512571080738,187.7763378847441,190.36669921875,45094300,0.0,0.0,190.388525390625
2023-07-07 00:00:00-04:00,189.96969607727493,191.2202094723073,188.80850182246542,189.24517822265625,46778000,0.0,0.0,190.6048828125
2023-07-10 00:00:00-04:00,187.83586826290198,188.56038612953148,185.63257190372127,187.19076538085938,59922200,0.0,0.0,189.54094543457032
2023-07-11 00:00:00-04:00,187.73663959244752,187.8755855347649,185.19590513637428,186.66476440429688,46638100,0.0,0.0,188.67153930664062
2023-07-12 00:00:00-04:00,188.25270672963643,190.2575110663078,187.05182010303508,188.342041015625,60750200,0.0,0.0,188.3618896484375
2023-07-13 00:00:00-04:00,189.06653934191485,189.75134970272404,188.35195593445923,189.10623168945312,41342300,0.0,0.0,188.10979614257812
2023-07-14 00:00:00-04:00,188.79858162868422,189.74143018258206,188.203105504946,189.255126953125,41573900,0.0,0.0,188.11178588867188
2023-07-17 00:00:00-04:00,190.45600381205304,192.85780736222108,190.3666846697001,192.53028869628906,50520200,0.0,0.0,189.1796905517578
2023-07-18 00:00:00-04:00,191.89511697543264,192.8677385882339,190.97210701546965,192.27224731445312,48353800,0.0,0.0,190.30118713378906
2023-07-19 00:00:00-04:00,191.64700719335607,196.73839573453523,191.20038114492507,193.6319580078125,80507300,0.0,0.0,191.35917053222656
2023-07-20 00:00:00-04:00,193.6220009023945,194.9916216501567,191.05149353304836,191.6767578125,59581200,0.0,0.0,191.87327575683594
2023-07-21 00:00:00-04:00,192.6394780020551,193.50292673966078,189.79106335340356,190.4957275390625,71917800,0.0,0.0,192.12139587402345
2023-07-24 00:00:00-04:00,191.95467425132685,193.44338737849276,190.80339913176502,191.2996368408203,45377800,0.0,0.0,191.8752655029297
2023-07-25 00:00:00-04:00,191.87525949316802,192.97690772743897,191.468340968804,192.16307067871094,37283200,0.0,0.0,191.85343017578126
2023-07-26 00:00:00-04:00,192.21269689922778,194.16787452666702,191.86533961729995,193.0364532470703,47471900,0.0,0.0,191.7343292236328
2023-07-27 00:00:00-04:00,194.54501669167968,195.71613030152758,191.10112611577952,191.76608276367188,47460200,0.0,0.0,191.7521942138672
2023-07-28 00:00:00-04:00,193.20518546579316,195.15044392487152,192.679174712139,194.35646057128906,48291400,0.0,0.0,192.5243408203125
2023-07-31 00:00:00-04:00,194.58472170434533,195.0114939950775,193.7907383669621,194.97178649902344,38824100,0.0,0.0,193.25877075195314
2023-08-01 00:00:00-04:00,194.7633716275856,195.24967486566203,193.81058861115622,194.1381072998047,35175100,0.0,0.0,193.65377807617188
2023-08-02 00:00:00-04:00,193.57240149095236,193.7113474455995,190.40641758549418,191.13092041015625,50389300,0.0,0.0,193.27267150878907
2023-08-03 00:00:00-04:00,190.1285055646349,190.92247371064892,189.2551224312535,189.73150634765625,61235200,0.0,0.0,192.86575622558593
2023-08-04 00:00:00-04:00,184.12402690270278,185.9700316166551,180.55110966796553,180.62059020996094,115799700,0.0,0.0,190.11858215332032
2023-08-07 00:00:00-04:00,180.7595446995356,181.75202007346337,176.01551362367866,177.5042266845703,97576100,0.0,0.0,186.62507019042968
2023-08-08 00:00:00-04:00,178.33787911929193,178.9135165784173,176.2437557474966,178.44705200195312,67823000,0.0,0.0,183.4868591308594
2023-08-09 00:00:00-04:00,179.5090242423061,179.56857034442828,175.678068518058,176.8491973876953,60378500,0.0,0.0,180.6305145263672
2023-08-10 00:00:00-04:00,178.12946109590703,179.38990895654987,176.26361784560095,176.63082885742188,54686900,0.0,0.0,178.0103790283203
2023-08-11 00:00:00-04:00,176.22338084720406,177.51532893244283,175.45813862661385,176.69046020507812,51988100,0.24,0.0,177.22435302734374
2023-08-14 00:00:00-04:00,176.86936795132465,178.57873203906215,176.2134459995229,178.35015869140625,43675600,0.0,0.0,177.39353942871094
2023-08-15 00:00:00-04:00,177.7737337283927,178.37001397078072,175.9550494184861,176.35256958007812,43622600,0.0,0.0,176.97464294433593
2023-08-16 00:00:00-04:00,176.0345616520876,177.43583011971523,175.4084529729965,175.47802734375,46964900,0.0,0.0,176.70040893554688
2023-08-17 00:00:00-04:00,176.04448461625057,176.41219151441152,172.40711609073566,172.9239044189453,66062900,0.0,0.0,175.95902404785156
2023-08-18 00:00:00-04:00,171.23444515927903,174.01713210367805,170.89655146662832,173.41090393066406,61114200,0.0,0.0,175.30311279296876
2023-08-21 00:00:00-04:00,173.98729066685254,175.0407326935708,172.66551420323125,174.7525177001953,46311900,0.0,0.0,174.58358459472657
2023-08-22 00:00:00-04:00,175.96497956715007,176.58114035802282,175.15999139470742,176.13392639160156,42084200,0.0,0.0,174.53985595703125
2023-08-23 00:00:00-04:00,177.41596644953157,180.4272265262981,177.2271390578494,179.9998779296875,52722800,0.0,0.0,175.44422607421876
2023-08-24 00:00:00-04:00,179.55266206734146,179.98001065949663,174.92147774645116,175.28919982910156,54945800,0.0,0.0,175.91728515625
2023-08-25 00:00:00-04:00,176.28301269216934,178.04205535297126,174.73266281139772,177.50540161132812,51449600,0.0,0.0,176.7361846923828
2023-08-28 00:00:00-04:00,178.97626544058713,179.47317328966272,177.44579593778087,179.07565307617188,43820700,0.0,0.0,177.60081176757814
2023-08-29 00:00:00-04:00,178.5886452216866,183.75648287285222,178.38988515133815,182.98130798339844,53003900,0.0,0.0,178.9702880859375
2023-08-30 00:00:00-04:00,183.79625497655422,186.68826194099242,183.59749489432,186.48948669433594,60813900,0.0,0.0,180.2682098388672
2023-08-31 00:00:00-04:00,186.67830137193894,187.9503840089481,186.32052718250378,186.70811462402344,60794500,0.0,0.0,182.55199279785157
2023-09-01 00:00:00-04:00,188.31811281370076,188.7454462185212,187.1155893336136,188.28829956054688,45732600,0.0,0.0,184.7085723876953
2023-09-05 00:00:00-04:00,187.11559340947835,188.8050768374951,186.44973880050088,188.5268096923828,45280000,0.0,0.0,186.5988037109375
2023-09-06 00:00:00-04:00,187.2348306223963,187.6820597205448,180.34769661549566,181.77879333496094,81755800,0.0,0.0,186.35830078125
2023-09-07 00:00:00-04:00,174.0965977246818,177.10787273977496,172.46674085776903,176.46188354492188,112488800,0.0,0.0,184.3527801513672
2023-09-08 00:00:00-04:00,177.24699542212446,179.1253060568345,176.6904460199261,177.07803344726562,65551300,0.0,0.0,182.42676391601563
2023-09-11 00:00:00-04:00,178.9563633540274,179.18493667169957,176.24323613595504,178.25074768066406,58953100,0.0,0.0,180.41925354003905
2023-09-12 00:00:00-04:00,178.37997587722177,179.01601728450376,173.7388586270757,175.20970153808594,90370200,0.0,0.0,177.75583190917968
2023-09-13 00:00:00-04:00,175.41837777577814,176.20350055461225,172.9040256402011,173.1326141357422,84267900,0.0,0.0,176.02659606933594
2023-09-14 00:00:00-04:00,172.92389281964336,175.01091138495906,172.50649213946434,174.65313720703125,60895800,0.0,0.0,175.66484680175782
2023-09-15 00:00:00-04:00,175.38856818743835,175.40844874494908,172.74503028655468,173.9276580810547,109205100,0.0,0.0,175.03477172851564
2023-09-18 00:00:00-04:00,175.38856362269223,178.27063780985006,175.08048322919404,176.86935424804688,67257600,0.0,0.0,174.75849304199218
2023-09-19 00:00:00-04:00,176.42213782123514,178.51908920430856,176.034550369597,177.96255493164062,51826900,0.0,0.0,175.30906372070314
2023-09-20 00:00:00-04:00,178.15135166349975,178.58863288671643,174.31522342949023,174.40467834472656,58436200,0.0,0.0,175.5634765625
2023-09-21 00:00:00-04:00,173.47050026870355,175.20967741085585,172.78476514063325,172.8543243408203,63047900,0.0,0.0,175.2037139892578
2023-09-22 00:00:00-04:00,173.5897771264219,175.9848764735621,172.97361627830674,173.7090301513672,56725400,0.0,0.0,175.1599884033203
2023-09-25 00:00:00-04:00,173.12268010832878,175.87555365575165,173.07298629383072,174.99105834960938,46172700,0.0,0.0,174.78432922363282
2023-09-26 00:00:00-04:00,173.73882774333887,174.1164673101307,170.59836721869567,170.89651489257812,64588900,0.0,0.0,173.37112121582032
2023-09-27 00:00:00-04:00,171.55245049373576,171.96985124175765,168.00453655333803,169.37599182128906,66921800,0.0,0.0,172.36538391113282
2023-09-28 00:00:00-04:00,168.29272705350883,170.96609339598558,166.5833630389383,169.63438415527344,56294400,0.0,0.0,171.72139587402344
2023-09-29 00:00:00-04:00,170.95617233209666,171.99968179731687,169.28655415485963,170.15118408203125,51814200,0.0,0.0,171.00982666015625
2023-10-02 00:00:00-04:00,170.1610784827832,173.22203181513163,169.87286351711737,172.67543029785156,52164500,0.0,0.0,170.54670104980468
2023-10-03 00:00:00-04:00,171.19465244741932,172.55618999324432,169.76357086656446,171.3337860107422,49594600,0.0,0.0,170.6341552734375
2023-10-04 00:00:00-04:00,170.03190052575047,173.13261538484517,169.91264751116213,172.5860137939453,53020300,0.0,0.0,171.27615966796876
2023-10-05 00:00:00-04:00,172.71520904615178,174.36494660639528,171.61207310700374,173.8282928466797,48527900,0.0,0.0,172.11494140625
2023-10-06 00:00:00-04:00,172.72513710071527,176.88922647606876,172.10896117831024,176.39231872558594,57224100,0.0,0.0,173.36316833496093
2023-10-09 00:00:00-04:00,175.71653078442577,177.94268314929081,174.7127825048992,177.883056640625,42390800,0.0,0.0,174.40469360351562
2023-10-10 00:00:00-04:00,176.99857381469894,178.6085503194853,176.8494923681373,177.28677368164062,43698000,0.0,0.0,175.5952911376953
2023-10-11 00:00:00-04:00,177.09792315514355,178.7377278666485,176.50164294003199,178.6880340576172,47551100,0.0,0.0,176.8156951904297
2023-10-12 00:00:00-04:00,178.95638111240146,181.21233159015208,177.9327371003315,179.59242248535156,56743100,0.0,0.0,177.96852111816406
2023-10-13 00:00:00-04:00,180.29802522104373,180.80486572035005,177.03831125012886,177.74392700195312,51427100,0.0,0.0,178.2388427734375
2023-10-16 00:00:00-04:00,175.65689773759766,177.97248977927228,175.41837654739012,177.61471557617188,52517000,0.0,0.0,178.18517456054687
2023-10-17 00:00:00-04:00,175.55750508309643,177.31656279493396,173.71895547455762,176.05441284179688,57549400,0.0,0.0,177.93870239257814
2023-10-18 00:00:00-04:00,174.4941311237392,176.48176216718392,174.027036615376,174.7525177001953,54764400,0.0,0.0,177.15159912109374
2023-10-19 00:00:00-04:00,174.9512775869872,176.74014855708347,174.10654349306773,174.3748779296875,59302900,0.0,0.0,176.10809020996095
2023-10-20 00:00:00-04:00,174.2258012947257,174.3351216115833,171.57231560127875,171.8108367919922,64189300,0.0,0.0,174.92147216796874
2023-10-23 00:00:00-04:00,169.85301344001374,172.93383244025344,168.87906331617407,171.93008422851562,55980100,0.0,0.0,173.7845458984375
2023-10-24 00:00:00-04:00,171.97979837385134,172.59595921387623,170.38968729481687,172.3673858642578,43816600,0.0,0.0,173.0471405029297
2023-10-25 00:00:00-04:00,170.81701448322013,171.98970950453133,169.59461048916984,170.04183959960938,57157000,0.0,0.0,172.1050048828125
2023-10-26 00:00:00-04:00,169.3163379944291,170.3201013316095,164.64540828457035,165.8578643798828,70625300,0.0,0.0,170.40160217285157
2023-10-27 00:00:00-04:00,165.87774586751993,167.9150706400693,165.79823880916834,167.1796417236328,58499100,0.0,0.0,169.4753631591797
2023-10-30 00:00:00-04:00,167.97469692197112,170.11139414133623,167.82561550110003,169.23683166503906,51131000,0.0,0.0,168.93671264648438
2023-10-31 00:00:00-04:00,168.30266621223763,169.8430681534906,166.86162156099337,169.71388244628906,44846000,0.0,0.0,168.40601196289063
2023-11-01 00:00:00-04:00,169.94247040994804,173.15249060498644,169.0679078148722,172.89410400390625,56934900,0.0,0.0,168.97646484375
2023-11-02 00:00:00-04:00,174.43449230797134,176.6805097693587,174.3748658071836,176.47181701660156,77334800,0.0,0.0,171.09925537109376
2023-11-03 00:00:00-04:00,173.16242643179135,175.72647236371952,172.27793120121478,175.55751037597656,79763700,0.0,0.0,172.7748291015625
2023-11-06 00:00:00-05:00,175.28918637857382,178.32031158491046,175.12023955979996,178.12155151367188,63841300,0.0,0.0,174.55177307128906
2023-11-07 00:00:00-05:00,178.07185390554656,181.31170213885602,177.86316114274607,180.69554138183594,70530000,0.0,0.0,176.74810485839845
2023-11-08 00:00:00-05:00,181.22227266382137,182.31546067653568,180.466963136192,181.75892639160156,49340300,0.0,0.0,178.5210693359375
2023-11-09 00:00:00-05:00,181.82847712787998,182.98129149780723,180.68558028860784,181.28187561035156,53763500,0.0,0.0,179.4830810546875
2023-11-10 00:00:00-05:00,183.07312579736603,185.66045656490678,182.63526841968368,185.49127197265625,66133400,0.24,0.0,181.46983337402344
2023-11-13 00:00:00-05:00,184.91410998461964,185.12307770332387,183.31195834215197,183.89907836914062,43627500,0.0,0.0,182.62533874511718
2023-11-14 00:00:00-05:00,186.78494160849297,187.1929464637487,185.3917728154259,186.52621459960938,60108400,0.0,0.0,183.79147338867188
2023-11-15 00:00:00-05:00,186.93420587357204,188.5761557735661,186.86453984677962,187.09341430664062,53790500,0.0,0.0,184.85837097167968
2023-11-16 00:00:00-05:00,188.64582412031268,190.02904704723116,187.73029590080972,188.78514099121094,54412900,0.0,0.0,186.35902404785156
2023-11-17 00:00:00-05:00,189.3224957374494,189.45186682219116,187.65069333955432,188.76522827148438,50922700,0.0,0.0,187.0138153076172
2023-11-20 00:00:00-05:00,188.96425501994514,190.97441144582112,188.9543092379418,190.5166473388672,46505100,0.0,0.0,188.3373291015625
2023-11-21 00:00:00-05:00,190.47685219685218,190.586316538311,188.8149955106325,189.71060180664062,38134500,0.0,0.0,188.97420654296874
2023-11-22 00:00:00-05:00,190.55648023861536,191.98944739740554,189.8996941339189,190.37734985351562,39617700,0.0,0.0,189.63099365234376
2023-11-24 00:00:00-05:00,189.93947531002817,189.96932784078396,188.3273779116158,189.0438690185547,24048300,0.0,0.0,189.6827392578125
2023-11-27 00:00:00-05:00,188.99410191914976,189.7404455259629,187.97907036225195,188.86473083496094,40552600,0.0,0.0,189.7026397705078
2023-11-28 00:00:00-05:00,188.85478346401288,190.1484487418159,188.4766311807352,189.4717559814453,38415400,0.0,0.0,189.49366149902343
2023-11-29 00:00:00-05:00,189.96933244559008,191.15353347560767,188.04874872654685,188.44679260253906,43014200,0.0,0.0,189.24089965820312
2023-11-30 00:00:00-05:00,188.91449196138143,189.39216280718497,187.27254208408095,189.02395629882812,48794400,0.0,0.0,188.97022094726563
2023-12-01 00:00:00-05:00,189.4021261680105,190.626125557136,188.30748269194632,190.3076934814453,45679300,0.0,0.0,189.22298583984374
2023-12-04 00:00:00-05:00,189.05380666632493,189.12347269135768,186.53614211824694,188.50648498535156,43389500,0.0,0.0,189.15133666992188
2023-12-05 00:00:00-05:00,189.28270844769884,193.45226890347428,189.2528407319119,192.47705078125,66628400,0.0,0.0,189.7523956298828
2023-12-06 00:00:00-05:00,193.50202134703213,193.81050761672594,191.17343287476277,191.38241577148438,41089700,0.0,0.0,190.3395202636719
2023-12-07 00:00:00-05:00,192.6860424138352,194.04935869024033,192.64622891391613,193.3229217529297,47477700,0.0,0.0,191.19931335449218
2023-12-08 00:00:00-05:00,193.25322651912307,195.0345083535154,192.72581160789824,194.75587463378906,53377300,0.0,0.0,192.08894958496094
2023-12-11 00:00:00-05:00,192.16855411471755,192.54670640437527,190.48679074363935,192.2382049560547,60943700,0.0,0.0,192.83529357910157
2023-12-12 00:00:00-05:00,192.13871428631938,193.77071848752672,190.7853438376791,193.76077270507812,52696900,0.0,0.0,193.0920379638672
2023-12-13 00:00:00-05:00,194.13890022421998,197.03471713546693,193.90007998207173,196.9949188232422,70404200,0.0,0.0,194.21453857421875
2023-12-14 00:00:00-05:00,197.0546379594379,198.64682869695653,195.2037050285768,197.14419555664062,66831600,0.0,0.0,194.97879333496093
2023-12-15 00:00:00-05:00,196.5669980286803,197.43275173465906,196.0395831061416,196.6068115234375,128256700,0.0,0.0,195.34898071289064
2023-12-18 00:00:00-05:00,195.13401948283078,195.6713953811102,193.44231035021684,194.93499755859375,55751900,0.0,0.0,195.88833923339843
2023-12-19 00:00:00-05:00,195.20370795195478,195.98984995762027,194.93501997192175,195.9799041748047,40714100,0.0,0.0,196.33216552734376
2023-12-20 00:00:00-05:00,195.94008865557052,196.71628487042167,193.88018798828125,193.88018798828125,52242800,0.0,0.0,195.70921936035157
2023-12-21 00:00:00-05:00,195.14397125694492,196.11918926884985,192.55664081053737,193.7308807373047,46482500,0.0,0.0,195.02655639648438
2023-12-22 00:00:00-05:00,194.22847296294222,194.45736262538534,192.02925541151006,192.65618896484375,37122800,0.0,0.0,194.23643188476564
2023-12-26 00:00:00-05:00,192.66613899324835,192.94477275989206,191.8899427598264,192.10887145996094,28919300,0.0,0.0,193.67120666503905
2023-12-27 00:00:00-05:00,191.55158790358445,192.5566585360189,190.15840400250286,192.20835876464844,48087700,0.0,0.0,192.91689758300782
2023-12-28 00:00:00-05:00,193.19352844592407,193.71099759457724,192.228256173267,192.63626098632812,34049900,0.0,0.0,192.6681121826172
2023-12-29 00:00:00-05:00,192.9547010641641,193.452263485871,190.7952819760843,191.5913848876953,42628800,0.0,0.0,192.2402130126953
